"report_id","sector","type","date","status","matches_forecast"
"R-42309","Kinigi","Rainfall","28/09 09:12","Under review","yes"
"R-82039","Kinigi","Rainfall","27/09 17:00","Verified","yes"
"R-82040","Kinigi","Rainfall","26/09 16:15","Verified","yes"
"R-82041","Kinigi","Rainfall","25/09 08:30","Verified","yes"
"R-82042","Kinigi","Rainfall","23/09 14:00","Verified","yes"
"R-42310","Kinigi","Flood / damage","26/09 11:15","Verified","yes"
"R-82043","Kinigi","Flood / damage","20/09 16:30","Verified","yes"
"R-82044","Kinigi","Flood / damage","25/09 13:45","Needs more info","no"
"R-82045","Kinigi","Flood / damage","24/09 10:20","Verified","yes"
"R-42311","Kinigi","Crop condition","24/09 14:20","Needs more info","yes"
"R-82046","Kinigi","Crop condition","27/09 11:00","Verified","yes"
"R-42312","Kinigi","Pest / disease","22/09 15:10","Verified","yes"
"R-28122","Kinigi","Pest / disease","23/09 09:40","Rejected","no"
"R-05128","Busogo","Flood / damage","28/09 11:40","Under review","yes"
"R-81759","Busogo","Flood / damage","26/09 14:10","Verified","yes"
"R-81760","Busogo","Flood / damage","25/09 15:30","Verified","yes"
"R-81761","Busogo","Flood / damage","24/09 12:00","Verified","yes"
"R-81762","Busogo","Rainfall","27/09 14:30","Verified","yes"
"R-81763","Busogo","Rainfall","26/09 08:00","Verified","yes"
"R-81764","Busogo","Rainfall","23/09 10:15","Verified","yes"
"R-81765","Busogo","Crop condition","25/09 08:30","Verified","yes"
"R-81766","Busogo","Crop condition","24/09 16:40","Needs more info","no"
"R-82255","Remera","Flood / damage","27/09 16:20","Verified","yes"
"R-82256","Remera","Flood / damage","26/09 11:30","Verified","yes"
"R-82257","Remera","Flood / damage","24/09 14:00","Verified","yes"
"R-82258","Remera","Rainfall","27/09 09:15","Verified","yes"
"R-82259","Remera","Rainfall","25/09 16:45","Verified","yes"
"R-82260","Remera","Crop condition","25/09 10:15","Verified","yes"
"R-82261","Remera","Crop condition","23/09 13:20","Verified","yes"
"R-05129","Muhoza","Pest / disease","28/09 12:15","Under review","yes"
"R-82100","Muhoza","Pest / disease","27/09 09:00","Verified","yes"
"R-82101","Muhoza","Pest / disease","25/09 14:30","Needs more info","no"
"R-82102","Muhoza","Pest / disease","24/09 08:45","Rejected","no"
"R-82103","Muhoza","Crop condition","26/09 10:00","Verified","yes"
"R-82104","Muhoza","Crop condition","23/09 15:20","Needs more info","no"
"R-82105","Muhoza","Flood / damage","24/09 13:40","Verified","yes"
"R-82106","Muhoza","Rainfall","27/09 15:00","Verified","yes"
"R-22667","Cyuve","Crop condition","26/09 15:00","Verified","yes"
"R-22668","Cyuve","Rainfall","27/09 09:30","Verified","yes"
"R-25767","Gacaca","Crop condition","25/09 11:20","Verified","yes"
"R-46757","Gashaki","Flood / damage","27/09 14:10","Verified","yes"
"R-29831","Gataraga","Crop condition","26/09 09:40","Verified","yes"
"R-29832","Gataraga","Rainfall","27/09 12:15","Verified","yes"
"R-56466","Kimonyi","Rainfall","27/09 10:30","Verified","yes"
"R-27518","Muko","Flood / damage","25/09 16:15","Verified","yes"
"R-26061","Musanze","Flood / damage","26/09 13:25","Verified","yes"
"R-26062","Musanze","Rainfall","27/09 16:00","Verified","yes"
"R-47823","Nkotsi","Flood / damage","24/09 11:00","Verified","yes"
"R-60843","Nyange","Flood / damage","27/09 08:45","Verified","yes"
"R-78860","Rwaza","Flood / damage","25/09 15:50","Verified","yes"
"R-93709","Shingiro","Rainfall","26/09 12:10","Verified","yes"